"HITId","HITTypeId","Title","Description","Keywords","Reward","CreationTime","MaxAssignments","RequesterAnnotation","AssignmentDurationInSeconds","AutoApprovalDelayInSeconds","Expiration","NumberOfSimilarHITs","LifetimeInSeconds","AssignmentId","WorkerId","AssignmentStatus","AcceptTime","SubmitTime","AutoApprovalTime","ApprovalTime","RejectionTime","RequesterFeedback","WorkTimeInSeconds","LifetimeApprovalRate","Last30DaysApprovalRate","Last7DaysApprovalRate","Answer.age","Answer.gender","Answer.location","Answer.monitor","Answer.results","Answer.webbrowser","Approve","Reject"
"35O6H0UNLSG0S2YG0FTQLQSJCW05J1","3PSRKXHSTQFVYNQUVA0GU3N17X7JHU","Tracing Images Experiment","A short experiment where you trace areas in 20 images (less than 10 minutes)","psychology, experiment, images","$0.25","Mon Dec 08 13:10:35 GMT 2014","90","BatchId:1759642;","3600","28800","Tue Dec 16 20:56:09 GMT 2014","","","323Q6SJS8IGYQDU98U8GJ9Y1TJ4HF5","A1C2LRGS40747I","Approved","Mon Dec 08 13:31:21 GMT 2014","Mon Dec 08 13:35:23 GMT 2014","Mon Dec 08 21:35:23 GMT 2014","2014/12/08 21:39:02 +0000","","","242","100% (1/1)","100% (1/1)","100% (1/1)","23","m","in","lcd|5","undefined,undefined|images,1E.jpg,244,359,215,363,202,146,268,145|images,2E.jpg,48,258,196,291,296,292,409,344,446,318,448,449,2,446,4,254|images,3E.jpg,12,315,211,296,241,259,300,259,330,302,444,313,446,104,3,107|images,4E.jpg,8,217,150,207,256,266,301,334,380,368,442,443,11,443|images,5E.jpg,41,267,175,264,290,204,329,187,385,121,446,120,447,104,3,105,7,290|images,6E.jpg,119,331,441,260,446,437,128,435|images,7E.jpg,55,374,48,418,140,441,321,438,411,399,234,334|images,8E.jpg,5,281,224,247,275,182,349,191,380,257,444,257,443,438,5,438|images,9E.jpg|images,10E.jpg,284,123,271,282,245,334,248,446,407,446,414,309,383,273,364,107|images,1Eb.jpg,72,219,171,328,209,318,216,157|images,2Eb.jpg,12,238,80,233,142,292,235,274,321,283,422,355,445,357,447,103,7,106|images,3Eb.jpg|images,4Eb.jpg,52,104,48,140,170,183,245,214,442,235,442,107|images,5Eb.jpg,214,244,155,348,99,437,391,447,444,444,443,225|images,6Eb.jpg,143,198,145,306,448,261,446,168|images,7Eb.jpg,128,236,212,303,315,309,334,203,403,201,427,321,446,319,442,104,6,106,15,212|images,8Eb.jpg|images,9Eb.jpg","firefox"
"35O6H0UNLSG0S2YG0FTQLQSJCW05J1","3PSRKXHSTQFVYNQUVA0GU3N17X7JHU","Tracing Images Experiment","A short experiment where you trace areas in 20 images (less than 10 minutes)","psychology, experiment, images","$0.25","Mon Dec 08 13:10:35 GMT 2014","90","BatchId:1759642;","3600","28800","Tue Dec 16 20:56:09 GMT 2014","","","32KTQ2V7RDFBHH47W5O11IKM7EQ9MA","A2I56RQ0U75PKS","Approved","Tue Dec 09 02:24:49 GMT 2014","Tue Dec 09 02:35:09 GMT 2014","Tue Dec 09 10:35:09 GMT 2014","2014/12/09 10:39:02 +0000","","","620","100% (1/1)","100% (1/1)","100% (1/1)","47","female","usa","don't know|3'","undefined,undefined|images,1E.jpg,214,164,210,230,267,228,262,148|images,2E.jpg,74,288,71,363,374,425,394,347,179,291|images,3E.jpg,188,144,189,248,189,249,200,245,204,245,204,245,204,245,310,239,359,163|images,4E.jpg,69,232,73,343,211,357,252,272,167,229|images,5E.jpg,109,121,103,215,103,215,237,212,290,160,224,122|images,6E.jpg,143,292,139,371,400,380,400,261|images,7E.jpg,160,356,141,439,275,439,280,331,193,329|images,8E.jpg,227,197,201,386,343,362,373,180|images,9E.jpg,71,279,75,379,172,365,169,256|images,10E.jpg,283,125,271,278,241,335,247,428,405,425,405,296,362,114|images,1Eb.jpg,86,181,75,264,203,270,198,185|images,2Eb.jpg,258,117,237,265,237,265,406,279,411,147,262,113|images,3Eb.jpg,218,344,206,399,304,413,304,413,300,350,300,350|images,4Eb.jpg,147,193,153,221,242,250,240,212,151,175|images,5Eb.jpg,241,272,216,422,360,431,397,290|images,6Eb.jpg,235,177,217,287,425,267,405,174|images,7Eb.jpg,231,38|images,8Eb.jpg|images,9Eb.jpg","explorer"
"35O6H0UNLSG0S2YG0FTQLQSJCW05J1","3PSRKXHSTQFVYNQUVA0GU3N17X7JHU","Tracing Images Experiment","A short experiment where you trace areas in 20 images (less than 10 minutes)","psychology, experiment, images","$0.25","Mon Dec 08 13:10:35 GMT 2014","90","BatchId:1759642;","3600","28800","Tue Dec 16 20:56:09 GMT 2014","","","33FBRBDW6OZYUQ96EOO9YQKZT7D8C1","A21NFTCHG0ID3W","Approved","Wed Dec 10 06:48:32 GMT 2014","Wed Dec 10 06:54:43 GMT 2014","Wed Dec 10 06:54:43 PST 2014","Wed Dec 10 00:32:00 PST 2014","","","371","100% (1/1)","100% (1/1)","100% (1/1)","37","female","india","lap|30cm","undefined,undefined|images,1E.jpg,188,273,279,284,352,255,361,197,273,157,192,156,179,221,190,278|images,2E.jpg,84,295,71,332,104,345,134,376,231,395,194,426,315,445,419,443,441,353,383,351,349,304,286,261,229,279,135,292|images,3E.jpg,100,287,181,233,209,203,219,154,275,152,356,171,339,222,294,244,258,268,205,279,115,301|images,4E.jpg,99,361,63,312,48,270,78,250,104,229,129,220,156,222,193,234,221,242,254,267,255,296,242,320,196,351|images,5E.jpg,55,275,30,185,105,134,207,126,309,165,327,212,239,233,182,273,61,277|images,6E.jpg,210,352,181,318,257,303,353,269,445,281,447,347,381,375,307,358|images,7E.jpg,168,410,157,369,163,339,195,309,255,326,262,368,284,408,284,427,252,444,185,447|images,8E.jpg,233,288,246,248,278,200,333,206,395,224,335,272,333,290,290,366,290,367,254,374,234,293|images,9E.jpg,52,263,20,226,31,188,68,137,143,101,254,112,243,177,208,245,133,281,55,269|images,10E.jpg,249,431,243,351,272,237,279,139,307,119,369,125,374,183,378,241,403,301,422,358,422,411,421,445|images,1Eb.jpg,162,333,101,264,79,214,113,186,212,177,226,215,226,244,219,341|images,2Eb.jpg,192,268,200,218,238,176,278,116,413,106,448,113,439,294,371,348,303,289|images,3Eb.jpg,199,427,210,373,223,305,238,267,300,262,320,289,322,359,312,413,311,446|images,4Eb.jpg,236,213,159,199,177,145,276,112,350,148,363,199,332,242|images,5Eb.jpg,97,429,157,384,154,296,270,211,432,222,442,384,404,446|images,6Eb.jpg,203,276,192,223,349,149,346,187,421,288|images,7Eb.jpg,225,302,210,212,180,154,321,108,430,122,446,211,431,304|images,8Eb.jpg,0,210,53,189,86,184,151,220,244,270,213,308,2,277,5,210,2,218|images,9Eb.jpg,265,111,168,295,48,266,16,179,117,110","google chrome"
"35O6H0UNLSG0S2YG0FTQLQSJCW05J1","3PSRKXHSTQFVYNQUVA0GU3N17X7JHU","Tracing Images Experiment","A short experiment where you trace areas in 20 images (less than 10 minutes)","psychology, experiment, images","$0.25","Mon Dec 08 13:10:35 GMT 2014","90","BatchId:1759642;","3600","28800","Tue Dec 16 20:56:09 GMT 2014","","","352YTHGROVDOSXXKODCXS51A4EWH4O","A14O6UK98VXX0S","Approved","Wed Dec 10 09:28:50 GMT 2014","Wed Dec 10 09:43:27 GMT 2014","Wed Dec 10 09:43:27 PST 2014","Wed Dec 10 01:53:27 PST 2014","","","877","100% (1/1)","100% (1/1)","100% (1/1)","44","Female","USA","HP Pavillion 20Xi|2 feet","undefined,undefined|images,1E.jpg,9,248,66,255,100,289,130,309,169,339,189,343,215,320,223,217,213,194,233,147,253,196,227,292,238,331,274,264,299,243,291,288,263,328,289,332,360,296,418,298,345,339,315,358,448,381,449,394,264,378,248,358,122,392,81,395,35,395,3,399,7,378,144,378,154,361,98,322,81,300,31,269,8,251,2,255|images,2E.jpg,445,366,394,354,362,330,354,307,309,312,307,283,282,287,275,301,209,281,193,307,96,295,120,287,173,292,181,268,99,274,47,251,1,297,6,343,210,409,199,426,222,448,447,449,445,371|images,3E.jpg,449,314,448,101,0,102,0,321,96,309,196,311,228,305,237,336,225,353,224,369,2,376,3,449,449,446,446,445,448,333,282,351,277,334,289,326,299,327,297,310,312,303|images,4E.jpg,404,445,402,398,384,385,367,402,328,377,298,363,277,329,245,295,249,278,223,241,182,228,147,229,104,201,71,247,32,277,13,324,13,364,116,368,131,387,112,449|images,5E.jpg,447,103,448,129,390,136,318,201,318,215,197,258,175,288,42,283,1,306,3,106|images,6E.jpg,446,286,419,284,313,277,274,308,226,298,181,317,137,315,88,314,41,302,34,289,47,283,27,271,24,237,10,236,3,369,58,369,118,448,219,446,52,336,100,351,182,355,301,362,352,364,445,349|images,7E.jpg,338,211,409,217,417,287,384,326,449,331,449,446,4,450,0,226,12,221,51,237,95,239,129,253,180,255,178,268,148,288,196,305,185,324,274,329,332,349,365,348,362,328,328,286|images,8E.jpg,358,226,327,218,284,197,256,232,238,259,243,311,107,309,3,287,3,315,250,327,253,373,284,361,282,326,449,301,448,170,449,98,3,105,0,285,7,313,5,315,5,315,333,190|images,9E.jpg,342,120,411,145,448,152,448,184,412,189,422,226,373,298,339,237,310,234,261,110|images,10E.jpg,287,121,364,118,380,285,408,319,405,447,258,450,254,323,278,277|images,1Eb.jpg,439,397,449,448,3,448,2,397,115,392,187,368,154,329,84,188,202,203,222,353,243,355,321,156,362,201,402,257,392,290,292,350,310,372,286,396|images,2Eb.jpg,305,100,265,124,222,104,2,171,44,255,96,252,107,281,106,303,139,301,192,308,212,278,246,293,288,273,337,304,329,321,372,338,409,323,431,307,449,327,447,102,310,101|images,3Eb.jpg,4,317,232,300,256,265,321,308,367,351,259,448,3,360|images,4Eb.jpg,448,102,446,337,443,391,338,346,285,340,258,300,241,306,239,273,202,240,179,243,150,225,137,215,101,226,34,208,2,101|images,5Eb.jpg,448,125,366,138,316,217,230,230,175,280,72,279,28,286,4,310,3,445,449,448,448,130,449,131|images,6Eb.jpg,448,96,449,284,421,288,367,273,281,290,264,310,212,309,176,317,135,310,92,305,70,298,58,293,41,298,34,275,29,241,2,241,0,100|images,7Eb.jpg,449,100,446,335,386,335,415,299,407,211,331,213,330,288,362,329,191,327,167,298,169,272,178,247,142,256,124,246,89,251,75,223,38,234,10,227,3,103|images,8Eb.jpg,215,234,240,269,246,306,174,306,19,298,7,274|images,9Eb.jpg,267,101,446,310,447,449,4,448,2,98","Google Chrome"
"35O6H0UNLSG0S2YG0FTQLQSJCW05J1","3PSRKXHSTQFVYNQUVA0GU3N17X7JHU","Tracing Images Experiment","A short experiment where you trace areas in 20 images (less than 10 minutes)","psychology, experiment, images","$0.25","Mon Dec 08 13:10:35 GMT 2014","90","BatchId:1759642;","3600","28800","Tue Dec 16 20:56:09 GMT 2014","","","38F5OAUN5NCLBKF3QBA4VHLKV8D7H9","A1D4S3QG08X1ZZ","Rejected","Tue Dec 09 18:42:02 GMT 2014","Tue Dec 09 18:44:12 GMT 2014","Tue Dec 09 18:44:12 PST 2014","","Tue Dec 09 12:56:08 PST 2014","Incomplete","130","0% (0/1)","0% (0/1)","0% (0/1)","24","Female","USA","Dell laptop screen.  Unsure of model, sorry.|18""","undefined,undefined|images,1E.jpg|images,2E.jpg|images,3E.jpg|images,4E.jpg|images,5E.jpg|images,6E.jpg|images,7E.jpg|images,8E.jpg|images,9E.jpg|images,10E.jpg|images,1Eb.jpg|images,2Eb.jpg|images,3Eb.jpg|images,4Eb.jpg|images,5Eb.jpg|images,6Eb.jpg|images,7Eb.jpg|images,8Eb.jpg|images,9Eb.jpg","Chrome"
"35O6H0UNLSG0S2YG0FTQLQSJCW05J1","3PSRKXHSTQFVYNQUVA0GU3N17X7JHU","Tracing Images Experiment","A short experiment where you trace areas in 20 images (less than 10 minutes)","psychology, experiment, images","$0.25","Mon Dec 08 13:10:35 GMT 2014","90","BatchId:1759642;","3600","28800","Tue Dec 16 20:56:09 GMT 2014","","","39U1BHVTDLRTFA5BOTO3WJCS1OPT3F","A26T3M57NK46L5","Approved","Mon Dec 08 16:00:43 GMT 2014","Mon Dec 08 16:13:09 GMT 2014","Tue Dec 09 00:13:09 GMT 2014","2014/12/09 00:14:02 +0000","","","746","100% (2/2)","100% (1/1)","100% (1/1)","","Male","India","Dell  XPS M140|2'0""","undefined,undefined|images,1E.jpg,134,323,38,257,93,203,195,208,230,173,316,184,381,266,360,320,304,364,176,373,132,328|images,2E.jpg,449,315,439,298,411,303,394,328,386,343,359,330,353,318,328,318,321,293,295,284,269,297,239,307,235,292,211,284,192,268,191,248,187,221,207,224,215,207,225,214,230,195,219,183,237,180,251,171,251,141,268,129,293,119,311,106,344,100,382,103,413,106,441,120,448,151,444,191,446,223,446,272,449,306|images,3E.jpg,215,174|images,4E.jpg,107,291,44,284,149,226,245,278,190,316|images,5E.jpg,295,216,211,246,160,300,166,354,253,350,361,382,396,433,447,401,446,244,301,215|images,6E.jpg,275,225,273,189,287,185,297,251,280,250|images,7E.jpg,319,273,335,220,397,220,410,289,381,320,379,386,411,394,331,394,369,380,363,322|images,8E.jpg,245,242,243,310,254,322,257,363,278,357,276,323,325,277,328,253,313,247,318,231,349,233,359,227,320,215,298,200,263,212|images,9E.jpg,7,148,6,100,123,99,293,115,389,148,446,152,446,186,414,184,374,272,350,305,343,342,338,313,349,263,336,241,319,256,306,308,324,350,347,369,329,383,275,379,248,335,260,287,214,275,175,280,147,287,126,331,169,388,146,408,90,362,79,345,105,284,57,273,9,255|images,10E.jpg,280,222,292,123,365,121,376,277,404,319,404,448,254,447,252,320,280,278|images,1Eb.jpg,145,350,35,268,13,243,57,255,103,299,138,303,107,253,90,210,87,220,99,180,141,225,139,246,167,302,179,300,173,260,162,223,204,205,222,176,231,151,247,191,235,251,235,318,250,309,259,280,276,241,295,206,312,172,321,151,340,193,316,228,295,252,311,252,310,287,297,314,297,330,318,313,340,294,365,257,382,232,390,292,403,292,390,324,351,342,328,358,303,391,245,400,160,384|images,2Eb.jpg,150,351,148,370,123,372,110,358,113,342,96,334,73,331,76,305,95,298,119,295,130,297,165,290,162,315,150,345|images,3Eb.jpg,274,162,274,240,206,235,206,165|images,4Eb.jpg,235,212,234,184,253,183,255,212|images,5Eb.jpg,117,131,39,186,32,212,44,281,179,277,275,225,324,211,333,185,275,142,201,131|images,6Eb.jpg,279,259,272,193,285,185,295,254|images,7Eb.jpg,261,439,177,429,160,371,182,361,167,325,200,327,206,344,233,326,242,354,237,360,266,395|images,8Eb.jpg,277,326,280,367,254,376,254,327,239,297,245,251,274,209,317,208,363,222,323,234,316,250,329,248,333,274,321,285|images,9Eb.jpg,23,202,105,190,116,241,91,265,35,245,19,206","Opera"
"35O6H0UNLSG0S2YG0FTQLQSJCW05J1","3PSRKXHSTQFVYNQUVA0GU3N17X7JHU","Tracing Images Experiment","A short experiment where you trace areas in 20 images (less than 10 minutes)","psychology, experiment, images","$0.25","Mon Dec 08 13:10:35 GMT 2014","90","BatchId:1759642;","3600","28800","Tue Dec 16 20:56:09 GMT 2014","","","3AAJC4I4FGS0M0GZX658YEUYIGRJZP","A26RP7ZM977MLU","Approved","Mon Dec 08 15:32:47 GMT 2014","Mon Dec 08 15:40:02 GMT 2014","Mon Dec 08 23:40:02 GMT 2014","2014/12/08 23:44:04 +0000","","","435","100% (1/1)","100% (1/1)","100% (1/1)","62","female","USA","Vizio 1080p 37""|3 and a half feet","undefined,undefined|images,1E.jpg,242,168,221,174,210,210,221,302,238,288,257,192|images,2E.jpg,432,358,313,274,27,251,4,279,3,363,209,395,206,443,445,446|images,3E.jpg,339,159,199,156,208,243,334,235|images,4E.jpg,319,372,143,217,9,275,267,436|images,5E.jpg,306,113,26,104,37,277,324,209|images,6E.jpg,439,256,153,302,168,398,435,357|images,7E.jpg,283,314,125,340,144,444,346,440|images,8E.jpg,365,201,185,211,211,348,369,344|images,9E.jpg,167,287,52,288,63,416|images,10E.jpg,381,121,265,179,254,441,419,440|images,1Eb.jpg,206,185,75,195,147,323,213,301|images,2Eb.jpg,424,306,18,232,12,121,444,102|images,3Eb.jpg,359,249,15,349,161,448,399,388|images,4Eb.jpg,403,369,10,142,227,104,436,110,439,371|images,5Eb.jpg,426,213,186,249,106,435,444,442|images,6Eb.jpg,102,286,438,268,419,141,84,236|images,7Eb.jpg,301,308,22,180,49,108,442,112,432,202,312,216|images,8Eb.jpg,212,243,153,252,165,355,231,381|images,9Eb.jpg,433,428,10,260,7,105,435,107","Chrome"
"35O6H0UNLSG0S2YG0FTQLQSJCW05J1","3PSRKXHSTQFVYNQUVA0GU3N17X7JHU","Tracing Images Experiment","A short experiment where you trace areas in 20 images (less than 10 minutes)","psychology, experiment, images","$0.25","Mon Dec 08 13:10:35 GMT 2014","90","BatchId:1759642;","3600","28800","Tue Dec 16 20:56:09 GMT 2014","","","3C6FJU71TQT9VQHODJ73R9U7T6MYUI","A5RGMW2QYFNCB","Approved","Mon Dec 08 22:24:38 GMT 2014","Mon Dec 08 22:35:24 GMT 2014","Tue Dec 09 06:35:24 GMT 2014","2014/12/09 06:39:02 +0000","","","646","100% (1/1)","100% (1/1)","100% (1/1)","25","Female","OK, USA","Dell Inspiron 6400|24inches","undefined,undefined|images,1E.jpg,73,273,40,255,124,343,149,333,46,253,41,255,45,252,39,254,63,265,60,262|images,2E.jpg,442,370,383,443,211,446,79,343,76,307,209,292|images,3E.jpg,303,440,315,292,263,257,215,282,197,430|images,4E.jpg,413,436,207,220,109,215,10,286,104,370,154,346,161,404|images,5E.jpg,335,183,227,122,130,130,75,150,32,196,39,279,114,273,174,277,229,236,313,214,327,190|images,6E.jpg,444,281,160,316,137,331,166,357,437,363|images,7E.jpg,73,441,389,437,383,392,259,370,236,339,179,327,155,383,80,399|images,8E.jpg,5,325,250,333,256,376,290,367,283,330,357,324,357,406,441,444,444,406,382,369,401,322,443,324,444,267,406,294,323,294,341,259,323,241,359,239,350,216,295,202,245,225,236,301,5,295|images,9E.jpg,147,284,112,373,81,335,115,273|images,10E.jpg,289,124,360,122,380,279,405,316,411,444,252,445,250,314,273,279|images,1Eb.jpg,154,282,133,292,63,195,126,183|images,2Eb.jpg,189,224,26,176,111,133,233,102,261,132,200,222,194,223|images,3Eb.jpg,119,267|images,4Eb.jpg,217,212,143,181,142,103,437,109,443,243|images,5Eb.jpg,399,375,207,329,94,431,396,443|images,6Eb.jpg,432,254,154,291,154,222,284,175|images,7Eb.jpg,321,336,166,271,153,163,290,123,322,342|images,8Eb.jpg,223,247,164,255,161,301,226,302|images,9Eb.jpg,53,295,10,343,5,436,76,443","Google Chrome"
"35O6H0UNLSG0S2YG0FTQLQSJCW05J1","3PSRKXHSTQFVYNQUVA0GU3N17X7JHU","Tracing Images Experiment","A short experiment where you trace areas in 20 images (less than 10 minutes)","psychology, experiment, images","$0.25","Mon Dec 08 13:10:35 GMT 2014","90","BatchId:1759642;","3600","28800","Tue Dec 16 20:56:09 GMT 2014","","","3CP1TO84PT129QY2JXS0AT1MFJA25H","A3NU0L1PE5DXD","Approved","Tue Dec 09 17:25:13 GMT 2014","Tue Dec 09 17:40:06 GMT 2014","Tue Dec 09 17:40:06 PST 2014","Tue Dec 09 13:26:47 PST 2014","","","893","100% (2/2)","100% (1/1)","100% (1/1)","33","male","USA","Acer|3 feet","undefined,undefined|images,1E.jpg,207,154,207,195,223,218,239,220,271,183,243,142|images,2E.jpg,218,328,219,354,233,389,252,391,282,387,305,388,302,360,292,347,276,338,260,329,243,327,229,330|images,3E.jpg,21,335,33,378,114,373,94,337|images,4E.jpg,93,269,91,303,126,301,126,269|images,5E.jpg,186,121,190,144,251,144,239,119|images,6E.jpg,278,299,288,344,307,357,345,370,406,368,430,354,412,283,378,273,332,281,299,286,285,294,278,307|images,7E.jpg,161,341,168,402,252,390,244,328|images,8E.jpg,238,246,236,293,245,310,257,345,261,364,278,347,271,331,278,320,293,307,314,285,329,277,332,250,308,248,334,229,354,229,318,215,288,209,266,219,248,237,248,247,247,254|images,9E.jpg,372,219,372,232,386,215,390,197,376,213|images,10E.jpg,309,209,314,243,352,247,388,245,385,220,368,206,320,205|images,1Eb.jpg,86,218,101,252,136,255,149,236,146,219,132,205,121,200,89,214|images,2Eb.jpg,64,162,62,199,25,212,6,195,8,177,26,161,63,152|images,3Eb.jpg,266,282,269,295,276,295,279,278,272,276,271,276|images,4Eb.jpg,163,118,169,143,185,164,207,165,232,149,238,135,229,128,194,131,182,132,159,112|images,5Eb.jpg,151,308,155,341,211,340,238,327,220,301,194,302|images,6Eb.jpg,363,246,375,260,387,264,439,266,423,242,405,234,368,234,354,241,355,245|images,7Eb.jpg,125,191,77,199,70,165,79,148,142,138,161,168,151,199,127,196|images,8Eb.jpg,298,363,308,375,316,381,297,391,300,396,286,391,289,381,290,378,294,366|images,9Eb.jpg,44,191,57,209,98,209,110,207,107,186,84,186,55,186,50,188","Chrome"
"35O6H0UNLSG0S2YG0FTQLQSJCW05J1","3PSRKXHSTQFVYNQUVA0GU3N17X7JHU","Tracing Images Experiment","A short experiment where you trace areas in 20 images (less than 10 minutes)","psychology, experiment, images","$0.25","Mon Dec 08 13:10:35 GMT 2014","90","BatchId:1759642;","3600","28800","Tue Dec 16 20:56:09 GMT 2014","","","3CPLWGV3MOZHZZP78631EX9MCIDN9T","A1L9GZBE1AK00M","Approved","Wed Dec 10 07:37:50 GMT 2014","Wed Dec 10 07:47:43 GMT 2014","Wed Dec 10 07:47:43 PST 2014","Wed Dec 10 00:32:00 PST 2014","","","593","100% (1/1)","100% (1/1)","100% (1/1)","25","Female","India","Model|30 inch","undefined,undefined|images,1E.jpg,165,367,111,320,71,286,36,281,31,260,20,252,100,186,228,154,226,154,294,240,360,299,387,302,341,337,306,379,226,373|images,2E.jpg,82,307,118,299,167,305,200,294,240,285,292,300,310,319,344,319,372,339,372,356,434,365,447,366,448,446,230,450,200,426,220,402,243,392,209,381,167,384,159,360,140,377,110,362,112,343,86,344,76,332|images,3E.jpg,210,387,228,356,228,345,244,335,221,325,229,302,242,286,237,272,258,265,284,279,282,290,292,299,309,293,310,308,294,312,301,324,278,329,282,350,285,392,274,419,296,442,260,448,216,443,211,424,229,414,232,394,207,392|images,4E.jpg,44,271,96,238,114,223,170,235,221,248,251,288,251,317,283,327,272,351,311,381,310,422,309,447,236,447,247,401,200,415,144,404,158,387,104,373,73,333,42,277|images,5E.jpg,32,209,63,168,123,137,195,129,256,140,312,174,328,193,315,219,255,230,194,260,176,276,109,275,40,285,37,227|images,6E.jpg,143,321,174,320,187,323,202,308,244,304,263,311,279,309,294,289,370,277,413,290,448,287,446,346,401,360,316,366,294,351,241,360,212,351,190,359,159,356,149,347,138,320|images,7E.jpg,167,406,164,379,187,366,177,335,209,350,228,334,238,352,230,366,243,370,260,407,259,422,217,432,173,421|images,8E.jpg,297,303,321,277,329,275,329,255,315,247,317,229,352,226,320,217,291,204,263,220,255,241,245,263,241,295,255,319,261,362,278,352,272,322|images,9E.jpg,303,114,397,146,409,159,449,159,446,183,414,177,397,222,377,259,349,228,348,184,336,145|images,10E.jpg,255,446,254,326,283,279,295,130,310,122,358,121,360,145,372,267,386,297,403,320,405,447|images,1Eb.jpg,159,320,97,211,84,219,111,200,132,233,147,272,172,316,177,335|images,2Eb.jpg,37,248,0,217,0,183,43,154,83,148,86,140,118,144,123,134,144,133,150,144,161,138,155,123,199,116,228,107,247,124,254,140,260,117,287,111,306,105,446,102,448,315,407,309,391,327,375,335,338,311,302,278,275,289,253,298,211,273,185,273,166,272,115,274,68,259|images,3Eb.jpg,350,100,333,108,338,129,353,143,382,137|images,4Eb.jpg,144,101,145,141,150,183,170,203,209,206,254,215,302,207,306,164,232,140,228,125,189,126,215,102|images,5Eb.jpg,94,446,141,383,193,350,266,340,325,352,387,402,419,448|images,6Eb.jpg,40,288,87,307,110,313,94,339,63,335,27,316,15,293|images,7Eb.jpg,2,138,114,155,121,244,84,248,1,220|images,8Eb.jpg,53,322,33,370,71,425,120,441,158,405,80,333|images,9Eb.jpg,232,99,216,190,173,244,95,268,1,242,0,98","Google Chrome"
"35O6H0UNLSG0S2YG0FTQLQSJCW05J1","3PSRKXHSTQFVYNQUVA0GU3N17X7JHU","Tracing Images Experiment","A short experiment where you trace areas in 20 images (less than 10 minutes)","psychology, experiment, images","$0.25","Mon Dec 08 13:10:35 GMT 2014","90","BatchId:1759642;","3600","28800","Tue Dec 16 20:56:09 GMT 2014","","","3EFE17QCRC57UIZVEE8FQ8HGI90HSQ","A2P61OFHLK4VDM","Approved","Mon Dec 08 13:41:20 GMT 2014","Mon Dec 08 13:53:07 GMT 2014","Mon Dec 08 21:53:07 GMT 2014","2014/12/08 21:54:02 +0000","","","707","100% (1/1)","100% (1/1)","100% (1/1)","52","female","usa","Gateway laptop |12 inches","undefined,undefined|images,1E.jpg,206,166,205,222,261,223,263,162|images,2E.jpg,74,285,73,430,445,436,443,297|images,3E.jpg,200,150,203,252,286,249,283,147|images,4E.jpg,67,218,234,221,237,327,79,321|images,5E.jpg,46,139,316,134,314,218,173,272,52,274|images,6E.jpg,118,308,119,357,444,365,444,274,123,305|images,7E.jpg,151,336,151,444,273,444,270,323,152,331|images,8E.jpg,265,198,203,354,300,373,358,219|images,9E.jpg,118,97,118,154,209,146,208,100|images,10E.jpg,285,121,276,280,250,322,252,445,398,447,404,320,404,320,378,283,363,123|images,1Eb.jpg,82,192,209,197,215,305,139,312,77,193|images,2Eb.jpg,445,313,433,299,380,335,297,275,259,281,200,272,129,274,16,215,4,207,17,173,102,144,209,115,443,109|images,3Eb.jpg,234,274,222,319,212,381,289,398,280,337,314,297,261,264|images,4Eb.jpg,186,160,188,233,188,233,251,254,311,209,311,141,224,127|images,5Eb.jpg,425,220,288,216,190,258,156,322,165,358,116,417,109,442,447,449,447,228|images,6Eb.jpg,133,243,133,255,274,252,281,280,300,272,300,254,442,257,368,234,288,187|images,7Eb.jpg,337,324,240,327,220,287,164,289,158,272,189,254,141,175,148,151,221,170,245,133,224,101,284,101,304,140,322,132,324,106,355,124,371,161,411,106,441,105,445,328,385,326,384,326,414,298,413,228,407,217,336,215,325,276,328,298,358,324|images,8Eb.jpg,228,207,357,184,333,154,281,139|images,9Eb.jpg,96,138,25,142,24,225,71,266,138,271,205,231,235,157","chrome"
"35O6H0UNLSG0S2YG0FTQLQSJCW05J1","3PSRKXHSTQFVYNQUVA0GU3N17X7JHU","Tracing Images Experiment","A short experiment where you trace areas in 20 images (less than 10 minutes)","psychology, experiment, images","$0.25","Mon Dec 08 13:10:35 GMT 2014","90","BatchId:1759642;","3600","28800","Tue Dec 16 20:56:09 GMT 2014","","","3FPRZHYEPY78S290TOOIX10DYHHV3P","A2Y98EN98DG9I8","Approved","Tue Dec 09 04:37:18 GMT 2014","Tue Dec 09 04:49:21 GMT 2014","Tue Dec 09 12:49:21 GMT 2014","2014/12/09 12:54:02 +0000","","","723","100% (2/2)","100% (2/2)","100% (1/1)","22","female","india","desktop|10cm","undefined,undefined|images,1E.jpg,163,379,5,394,1,380,161,370,28,260,21,249,165,345,88,200,180,325,183,199,222,326,219,152,227,146,252,179,227,326,228,331,248,336,271,250,291,241,295,292,254,343,253,335,250,341,254,342,252,341,254,343,262,345,317,284,333,162,268,247,273,245,364,260,390,258,393,307,350,339,302,363,230,371,176,375,169,379,169,379|images,2E.jpg,201,432,149,401,76,372,33,359,2,336,10,266,51,256,21,228,9,196,18,169,66,153,173,145,155,122,216,106,251,116,289,119,319,104,380,108,423,133,441,152,439,178,433,237,439,285,431,344,404,351,440,378,439,396,445,445,435,445,370,437,361,447,278,442,239,448,205,435,183,429,207,431,209,434|images,3E.jpg,228,309,236,278,267,272,285,278,287,319,294,348,279,386,286,420,280,434,252,445,222,437,219,424,232,413,230,405,214,396,197,379,220,369,219,354,221,341|images,4E.jpg,184,194,182,172,191,151,213,144,265,139,320,151,302,182,311,199,283,231,245,221,205,210,186,199|images,5E.jpg,57,164,81,146,121,133,181,116,246,122,284,143,315,171,328,187,324,204,311,217,248,241,224,244,207,269,184,288,135,277,88,271,63,285,62,284,50,263,37,234,38,212,47,186|images,6E.jpg,11,261,13,238,26,230,57,235,116,233,145,234,142,252,161,269,150,282,89,295,56,288,28,284,21,283,4,274|images,7E.jpg,343,312,326,267,324,256,329,237,335,228,339,219,371,212,385,215,399,219,412,242,411,269,411,274,412,314,398,322,385,340,387,371,411,390,411,402,373,406,353,405,334,392,349,378,364,382,364,366,364,346,364,337,353,325,346,316|images,8E.jpg,255,232,268,216,280,205,327,218,346,228,326,246,325,260,308,303,293,321,287,341,279,367,250,374,246,345,241,314,239,279,239,256,245,243|images,9E.jpg,15,135,4,107,28,101,83,100,145,107,165,108,186,107,252,104,291,110,305,114,347,118,396,135,413,156,428,151,429,150,437,170,416,184,408,215,395,261,375,305,365,352,352,378,341,343,332,299,340,232,314,266,292,317,291,363,267,362,257,316,253,297,210,270,174,285,169,284,146,328,148,328,151,372,149,410,89,338,77,321,84,281,63,268,25,228,28,224,14,210,7,178,4,137|images,10E.jpg,281,183,304,117,329,117,347,121,360,139,366,166,372,168,369,193,364,242,373,295,394,328,404,378,405,426,403,449,301,441,255,450,247,398,251,360,249,319,276,284,281,272,282,253,283,236,283,224,288,206|images,1Eb.jpg,147,385,60,394,25,403,20,389,1,378,15,374,46,376,80,370,162,372,146,359,100,324,66,298,35,266,72,249,90,279,136,310,146,304,112,268,87,217,133,205,164,293,183,309,189,309,203,269,160,213,169,196,193,205,192,206,210,183,218,169,244,152,252,181,264,260,270,234,292,205,308,184,335,181,353,222,341,267,335,297,361,266,382,288,381,297,393,329,370,351,344,355,387,379,362,402,292,394,231,395,208,366,174,386,150,389|images,2Eb.jpg,221,432,205,427,153,399,87,370,63,362,26,350,0,303,0,272,10,253,10,235,2,187,23,157,66,143,94,136,180,128,180,128,212,115,271,116,292,108,346,98,404,103,438,128,446,173,438,213,433,318,411,341,380,344,382,376,388,373,420,374,435,429,372,447,260,444|images,3Eb.jpg,213,304,217,289,225,273,245,261,288,300,300,325,297,369,278,449,259,428,235,428,225,350,223,350,212,312,210,300,213,314|images,4Eb.jpg,198,174,203,148,228,141,238,137,259,142,261,132,296,155,312,161,333,221,285,227,257,218,210,226,205,236,190,207,183,193,189,178|images,5Eb.jpg,34,172,81,146,154,117,211,125,234,123,292,137,317,166,332,187,318,222,274,237,225,260,206,275,142,299,41,266,44,254,26,212|images,6Eb.jpg,279,267,274,234,265,202,270,180,304,204,303,233,308,258,299,271,284,270|images,7Eb.jpg,347,310,320,284,324,249,330,217,337,209,372,205,401,227,409,249,416,293,396,328,393,355,406,390,405,417,371,407,343,395,340,359,347,345|images,8Eb.jpg,257,231,268,217,277,201,295,205,330,210,357,232,330,239,319,247,337,262,325,277,308,310,292,329,289,351,258,365,237,325,239,309,237,273,235,254,247,239|images,9Eb.jpg,35,200,30,191,29,178,33,141,17,138,5,112,23,96,55,103,96,104,162,101,192,115,235,114,293,119,336,128,408,142,409,167,439,156,420,187,414,199,402,232,388,250,377,290,360,340,344,368,336,351,332,303,335,281,311,249,339,241,290,267,297,309,292,390,257,392,242,309,252,293,256,280,225,273,199,286,130,266,138,287,132,318,136,354,149,384,136,417,106,375,88,349,94,292,90,263,77,265,67,259,38,245,6,234,18,222,25,212","google chrome"
"35O6H0UNLSG0S2YG0FTQLQSJCW05J1","3PSRKXHSTQFVYNQUVA0GU3N17X7JHU","Tracing Images Experiment","A short experiment where you trace areas in 20 images (less than 10 minutes)","psychology, experiment, images","$0.25","Mon Dec 08 13:10:35 GMT 2014","90","BatchId:1759642;","3600","28800","Tue Dec 16 20:56:09 GMT 2014","","","3GGAI1SQEVYDFFBA8PYS38LUDSEMCB","AOSB3RSWQQENC","Approved","Mon Dec 08 13:43:44 GMT 2014","Mon Dec 08 13:56:36 GMT 2014","Mon Dec 08 21:56:36 GMT 2014","2014/12/08 21:59:03 +0000","","","772","100% (2/2)","100% (1/1)","100% (1/1)","59","female","India","AOC 17"" desktop monitor|45 cm","undefined,undefined|images,1E.jpg,267,227,268,142,210,143,214,228|images,2E.jpg,207,284,66,312,152,397,228,389,192,443,447,442,447,363,319,313,304,324,306,305,275,298,272,296,246,310|images,3E.jpg,15,106,1,380,3,441,185,446,234,271,286,266,330,324,303,445,303,445,445,445,447,105|images,4E.jpg,118,218,32,280,7,330,8,445,334,444,333,427,333,382,236,269,236,267,187,240|images,5E.jpg,106,135,196,119,330,179,314,209,171,260,46,259,39,202,58,190|images,6E.jpg,150,309,153,359,363,365,360,277|images,7E.jpg,175,331,158,397,178,426,256,427,267,425,230,330|images,8E.jpg,273,194,231,288,253,364,283,365,339,261,326,236,361,225|images,9E.jpg,129,102,176,134,205,106|images,10E.jpg,292,127,285,287,256,320,273,447,395,445,399,317,373,274,354,124|images,1Eb.jpg,314,167,257,292,338,353,407,290|images,2Eb.jpg,92,141,234,103,264,138,181,238,23,178,49,160|images,3Eb.jpg,237,266,204,390,224,442,300,441,305,308,279,263|images,4Eb.jpg,350,104,335,218,447,252,445,103,355,105|images,5Eb.jpg,92,275,182,280,167,371,101,431,39,412,16,438,0,421,3,311|images,6Eb.jpg,11,234,19,279,139,284,137,236|images,7Eb.jpg,248,201,231,278,266,323,344,324,325,270,335,214|images,8Eb.jpg,401,212,363,297,450,299,448,212|images,9Eb.jpg,34,188,22,226,65,267,141,265,107,185","Firefox"
"35O6H0UNLSG0S2YG0FTQLQSJCW05J1","3PSRKXHSTQFVYNQUVA0GU3N17X7JHU","Tracing Images Experiment","A short experiment where you trace areas in 20 images (less than 10 minutes)","psychology, experiment, images","$0.25","Mon Dec 08 13:10:35 GMT 2014","90","BatchId:1759642;","3600","28800","Tue Dec 16 20:56:09 GMT 2014","","","3IXQG4FA2TYFYQ0A5GYSN29SV81B9O","A27KTIX29MYGVU","Approved","Mon Dec 08 13:11:51 GMT 2014","Mon Dec 08 13:19:01 GMT 2014","Mon Dec 08 21:19:01 GMT 2014","2014/12/08 21:19:02 +0000","","","430","100% (1/1)","100% (1/1)","100% (1/1)","31","female","india","mobile pc display|4""","undefined,undefined|images,1E.jpg,197,362,180,331,211,302,247,322,234,355|images,2E.jpg,38,144,20,125,42,110,77,124,65,137|images,3E.jpg,407,396,395,397,378,390,389,373,409,380,420,393|images,4E.jpg,40,400,25,373,52,358,64,375,65,396|images,5E.jpg,154,123,138,123,134,115,152,106,169,120|images,6E.jpg,336,343,298,337,300,322,319,323|images,7E.jpg,29,131,12,124,25,113,42,125|images,8E.jpg,268,300,261,281,272,265,291,292|images,9E.jpg,67,240,50,234,57,217,69,227,70,244|images,10E.jpg,21,292,20,266,35,256,37,272|images,1Eb.jpg,37,161,36,128,69,142|images,2Eb.jpg,47,140,25,121,44,114,69,132|images,3Eb.jpg,402,396,356,393,370,377|images,4Eb.jpg,81,137,40,120,77,108|images,5Eb.jpg,127,131,127,107,140,110,147,121|images,6Eb.jpg,331,341,306,321,312,307,326,317|images,7Eb.jpg,195,315,177,298,195,293,208,310|images,8Eb.jpg,262,317,259,276,276,266,294,281,280,300|images,9Eb.jpg,70,245,47,227,55,217,77,233","chrome"
"35O6H0UNLSG0S2YG0FTQLQSJCW05J1","3PSRKXHSTQFVYNQUVA0GU3N17X7JHU","Tracing Images Experiment","A short experiment where you trace areas in 20 images (less than 10 minutes)","psychology, experiment, images","$0.25","Mon Dec 08 13:10:35 GMT 2014","90","BatchId:1759642;","3600","28800","Tue Dec 16 20:56:09 GMT 2014","","","3LBXNTKX0RVMBT3BACQACZ0KEVJX9H","AIPTD20LYS1QV","Approved","Wed Dec 10 06:50:51 GMT 2014","Wed Dec 10 07:06:01 GMT 2014","Wed Dec 10 07:06:01 PST 2014","Wed Dec 10 00:31:59 PST 2014","","","910","100% (1/1)","100% (1/1)","100% (1/1)","47","female","usa","compaq cq571|12""","undefined,undefined|images,1E.jpg,223,307|images,2E.jpg,139,353,227,444,443,442,416,364,209,289,36,252,7,284,8,342|images,3E.jpg,202,154,209,237,302,232,360,170|images,4E.jpg,89,216,50,345,170,357,169,407,264,345,217,241|images,5E.jpg,34,184,47,279,179,276,280,201,317,207,326,176,178,115|images,6E.jpg,187,311,197,356,445,363,442,270|images,7E.jpg,160,354,169,430,268,424,250,331,158,345|images,8E.jpg,276,194,363,227,266,370,247,363,233,230|images,9E.jpg,277,117,355,234,357,282,412,227,423,187,445,190,446,146,304,103|images,10E.jpg,295,113,367,116,415,446,253,445,249,313,275,275|images,1Eb.jpg,213,151,147,239,178,304,214,296|images,2Eb.jpg,48,147,3,186,10,247,148,286,185,279,186,226|images,3Eb.jpg,227,272,238,303,289,299,286,260|images,4Eb.jpg,147,134,195,214,322,211,305,147,140,131|images,5Eb.jpg,46,260,174,269,168,357,85,437,8,414,7,293|images,6Eb.jpg,14,229,28,276,129,273,127,239|images,7Eb.jpg,6,290,5,380,108,383,143,322,9,284|images,8Eb.jpg,188,217,242,264,233,312,167,312,146,254|images,9Eb.jpg,167,109,234,196,119,287,9,230,12,105","chrome"
"35O6H0UNLSG0S2YG0FTQLQSJCW05J1","3PSRKXHSTQFVYNQUVA0GU3N17X7JHU","Tracing Images Experiment","A short experiment where you trace areas in 20 images (less than 10 minutes)","psychology, experiment, images","$0.25","Mon Dec 08 13:10:35 GMT 2014","90","BatchId:1759642;","3600","28800","Tue Dec 16 20:56:09 GMT 2014","","","3M68NM076H7FWEF136H637NUNZO6RP","A3BJTYGNU3K82A","Approved","Tue Dec 09 01:14:22 GMT 2014","Tue Dec 09 01:20:18 GMT 2014","Tue Dec 09 09:20:18 GMT 2014","2014/12/09 09:24:02 +0000","","","356","100% (1/1)","100% (1/1)","100% (1/1)","26","MALE","INDIA","THOSHIBA SATELLITE|15 CMS","undefined,undefined|images,1E.jpg|images,2E.jpg|images,3E.jpg|images,4E.jpg|images,5E.jpg|images,6E.jpg|images,7E.jpg|images,8E.jpg|images,9E.jpg|images,10E.jpg|images,1Eb.jpg|images,2Eb.jpg|images,3Eb.jpg,103,28,95,229,95,229,9,154,36,8|images,4Eb.jpg,98,118,133,217,260,213,237,127,142,124|images,5Eb.jpg,257,226,381,222,447,382,251,229|images,6Eb.jpg,12,227,21,314,100,299,26,181,15,242|images,7Eb.jpg,299,148,319,235,434,221,424,157,405,133|images,8Eb.jpg,144,275,19,169,22,328,96,337|images,9Eb.jpg,40,137,192,166,133,413,53,296,52,177","GOOGLE CHROME"
"35O6H0UNLSG0S2YG0FTQLQSJCW05J1","3PSRKXHSTQFVYNQUVA0GU3N17X7JHU","Tracing Images Experiment","A short experiment where you trace areas in 20 images (less than 10 minutes)","psychology, experiment, images","$0.25","Mon Dec 08 13:10:35 GMT 2014","90","BatchId:1759642;","3600","28800","Tue Dec 16 20:56:09 GMT 2014","","","3ND9UOO81K22NVZUP4XEFPD86PDLWX","A2EQZRRITDQ59I","Approved","Wed Dec 10 16:50:01 GMT 2014","Wed Dec 10 17:00:39 GMT 2014","Wed Dec 10 17:00:39 PST 2014","Wed Dec 10 09:36:20 PST 2014","","","638","100% (1/1)","100% (1/1)","100% (1/1)","32","male","india","dell|15 cm","undefined,undefined|images,1E.jpg,254,223,260,135,196,160,234,249,234,248|images,2E.jpg,67,351,215,443,352,443,447,424,428,346,260,318,197,296,100,299,70,317,70,347|images,3E.jpg,220,320,228,264,298,265,321,321,299,411,308,441,218,446,199,414,199,375,215,331|images,4E.jpg,52,249,104,240,205,234,257,275,297,358,380,398,404,410,408,443,333,447,229,447,114,441,66,446,7,449,5,392,6,334,6,282|images,5E.jpg,64,161,123,127,183,126,269,144,319,177,330,191,309,217,251,231,186,268,157,279,53,281,13,297,0,220,8,131,20,107,103,105|images,6E.jpg,442,266,186,286,131,332,201,392,297,357,296,357,296,357,405,377,446,310|images,7E.jpg,150,407,158,354,189,322,231,324,252,345,282,388,279,427,270,427,202,433,157,428,149,412|images,8E.jpg,8,267,89,291,260,320,246,357,293,364,353,281,361,191,431,152,296,131,40,114,27,160|images,9E.jpg,24,174,27,242,110,269,191,209,244,117,214,101,49,120|images,10E.jpg,282,129,283,223,275,282,253,325,256,446,358,449,401,448,401,373,399,323,375,285,355,126|images,1Eb.jpg|images,2Eb.jpg,11,237,60,258,186,273,279,293,321,281,340,323,412,291,444,281,447,245,448,112,447,111,447,110,447,110,328,105,197,109,127,140,58,164,18,181|images,3Eb.jpg,3,311,86,311,223,303,204,351,204,351,54,370|images,4Eb.jpg,12,145,13,182,127,235,152,205,40,120,5,153|images,5Eb.jpg,178,278,233,228,304,202,402,205,416,224,445,289,448,395,444,395,433,428,419,447,318,448,161,445,105,444,152,377,167,303,179,271|images,6Eb.jpg,15,230,229,198,321,157,415,253,3,268|images,7Eb.jpg,3,127,147,242,354,202,267,102|images,8Eb.jpg|images,9Eb.jpg,237,289,231,369,231,369,341,389,413,274,405,204,237,264,237,298,234,268,235,267,163,300,163,300,238,267,235,267,235,267,235,267,121,299,38,283,72,387,115,420,228,363,231,368,225,368,225,367,229,372,229,362,229,362,252,382,249,375,249,374,249,374,254,381,253,381,253,381,247,383,250,381,250,381,250,381,250,381,236,260,236,268,236,268,166,302,166,302,164,300,164,298,162,296,121,300,121,300,121,300,121,300,122,300,121,300,120,300,120,300,120,300,122,301,164,297,162,304,163,301,163,301","chrome"
"35O6H0UNLSG0S2YG0FTQLQSJCW05J1","3PSRKXHSTQFVYNQUVA0GU3N17X7JHU","Tracing Images Experiment","A short experiment where you trace areas in 20 images (less than 10 minutes)","psychology, experiment, images","$0.25","Mon Dec 08 13:10:35 GMT 2014","90","BatchId:1759642;","3600","28800","Tue Dec 16 20:56:09 GMT 2014","","","3OJSZ2ATDSW9VRV8P99V6KIUQRY75O","AWGF6J9H10SO","Approved","Mon Dec 08 22:57:07 GMT 2014","Mon Dec 08 23:03:57 GMT 2014","Tue Dec 09 07:03:57 GMT 2014","2014/12/09 07:04:02 +0000","","","410","100% (1/1)","100% (1/1)","100% (1/1)","","","","Asus laptop |","undefined,undefined|images,1E.jpg,225,211,241,210,250,199,251,188,240,176,233,152,228,175,215,188,215,200|images,2E.jpg,213,292,194,304,165,305,138,305,122,310,113,300,93,298,83,309,78,329,105,346,116,363,134,377,154,362,168,366,181,381,198,379,223,385,225,366,241,386,272,389,302,392,253,390,232,400,206,417,224,434,250,446,286,444,448,447,447,372,441,367,370,359,375,345,361,337,342,317,310,306,296,284,275,294,263,298,251,308,242,295,228,294|images,3E.jpg,214,161,271,160,341,174,334,211,288,231,217,231|images,4E.jpg,107,230,142,224,160,238,186,243,201,239,250,279,232,311,174,324,231,321,187,407,74,344,67,256,88,249|images,5E.jpg,328,192,303,162,266,143,217,133,174,131,124,135,81,150,47,180,34,207,31,225,43,274,57,281,100,275,132,272,167,274,181,274,220,247,252,236,292,219,314,216,322,213|images,6E.jpg,449,286,421,291,383,277,306,280,281,299,276,308,261,311,241,308,227,302,204,307,189,313,187,321,176,319,157,318,140,321,143,335,168,356,198,358,212,348,238,357,273,357,308,353,319,361,364,367,409,362,427,352,441,347,449,348|images,7E.jpg,184,331,210,347,232,339,237,350,230,366,251,376,263,409,261,423,196,428,172,422,170,404,172,374,184,371|images,8E.jpg,312,212,286,202,255,223,254,246,241,266,241,297,245,316,256,336,258,359,277,353,275,322,321,280,332,275,333,249,313,242,322,232,357,227|images,9E.jpg,140,105,159,140,190,119,168,100,134,102,145,106|images,10E.jpg,291,128,277,279,253,320,254,449,404,449,403,319,377,281,361,135,359,122|images,1Eb.jpg,91,227,149,316,217,298,220,210,198,187,140,186,106,187,96,194|images,2Eb.jpg,18,237,148,280,178,264,208,280,246,281,253,296,286,287,302,283,318,293,323,313,357,323,383,334,423,302,448,316,447,104,294,103,257,114,230,103,174,117,45,140,6,172,12,232|images,3Eb.jpg,258,267,214,272,216,327,228,423,294,419,291,305,270,264,255,260|images,4Eb.jpg,29,245,103,217,150,219,216,248,256,286,308,327,406,338,447,302,447,105,8,103,21,240|images,5Eb.jpg,294,220,210,250,167,285,160,329,162,365,124,397,92,443,142,448,254,446,404,446,444,422,445,240,373,221,295,213|images,6Eb.jpg,77,292,446,271,446,192,105,199|images,7Eb.jpg,207,320,444,333,444,104,236,107,143,180,132,243,166,281,201,312|images,8Eb.jpg,28,335,133,334,207,358,289,397,326,415,341,445,8,448,5,321|images,9Eb.jpg,7,102,0,448,447,448,447,100",""
"35O6H0UNLSG0S2YG0FTQLQSJCW05J1","3PSRKXHSTQFVYNQUVA0GU3N17X7JHU","Tracing Images Experiment","A short experiment where you trace areas in 20 images (less than 10 minutes)","psychology, experiment, images","$0.25","Mon Dec 08 13:10:35 GMT 2014","90","BatchId:1759642;","3600","28800","Tue Dec 16 20:56:09 GMT 2014","","","3QL2OFSM96IJXXWAKQDSGNAUJCMNCZ","A1TIJU2XJM4SKU","Approved","Thu Dec 11 13:45:36 GMT 2014","Thu Dec 11 14:10:40 GMT 2014","Thu Dec 11 14:10:40 PST 2014","Thu Dec 11 08:03:34 PST 2014","","","1504","100% (2/2)","100% (1/1)","100% (1/1)","58","FEMALE","iNDIA","Laptop ASUS |45CMS","undefined,undefined|images,1E.jpg,233,201,286,149,286,149,244,215,244,215,244,215,207,203,207,203,232,151,232,150,228,139,259,210,259,210,259,211,243,212,242,216,242,216,250,215,251,215,212,207,216,212,216,220,229,212,233,212,237,215,225,222|images,2E.jpg,435,439,212,448,206,384,108,371,95,334,66,341,9,344,7,300,6,277,56,239,132,302,132,302,197,304,236,281,236,281,254,299,254,299,309,303,309,312,378,350,445,358,445,358,439,434|images,3E.jpg,438,304,437,158,435,100,3,106,15,416,10,448,10,448,200,450,200,450,200,450,203,386,220,257,320,266,320,266,329,447,329,447,441,440,441,440,420,331,447,332,447,332,447,358|images,4E.jpg,418,436,6,407,61,214,248,253,248,253,282,355,320,391,351,406,375,409,407,410,422,433,421,432|images,5E.jpg,440,100,6,104,5,104,6,246,6,247,9,313,6,373,1,390,180,274,180,274,180,274,304,204,304,204,304,204,436,215,447,138|images,6E.jpg,2,369,6,315,189,306,189,306,303,280,381,264,445,244,419,433,449,439,449,439,215,444,200,444,2,394,212,450,57,450,3,424,7,315|images,7E.jpg,443,329,412,215,409,215,343,217,319,256,319,261,346,298,320,307,322,336,186,312,186,312,151,245,4,234,4,291,10,364,19,404,18,405,8,428,39,417,314,429,443,438,443,438,445,426|images,8E.jpg,446,203,445,116,445,104,227,108,5,107,5,107,6,243,3,318,9,436,443,437,443,438,447,390,438,315,438,315,303,331,249,401,249,402,237,205,340,186,340,186,311,325,302,332,444,310,447,193,447,193|images,9E.jpg,6,433,443,432,443,432,445,264,445,264,129,282,129,282,83,181,131,179,130,284,130,284,129,179,7,185,7,227|images,10E.jpg,286,128,286,99,286,99,446,100,442,253,445,385,443,445,444,445,278,449,230,448,241,397,249,301,273,259,273,253,275,211|images,1Eb.jpg,259,129,325,167,441,242,438,441,438,441,13,150,253,434|images,2Eb.jpg,447,324,381,344,305,286,195,279,101,272,61,246,9,230,5,172,7,136,10,105,447,108,447,108,442,166|images,3Eb.jpg,210,443,210,260,255,255,309,241,324,442,325,446|images,4Eb.jpg,408,442,446,441,443,110,443,106,168,106,131,111,0,109,7,146,86,185,159,215,182,223,214,237,247,268,268,304,278,346,278,346,331,390,405,397,406,448,406,448|images,5Eb.jpg|images,6Eb.jpg|images,7Eb.jpg,383,376,444,379,437,107,213,106,8,110,14,200,7,223,139,246,139,246,139,246,176,250,178,298,178,298,219,316,219,316,219,316,333,327,323,280,332,212,418,207,404,328,404,328|images,8Eb.jpg,446,205,448,293,322,298,322,298,354,216,354,216,264,160,357,162,357,219,49,184,190,131,62,229,5,238,35,276,223,302,252,218,260,162,223,312,223,313,225,408,437,409,437,409,446,294,447,291|images,9Eb.jpg,12,117,441,104,443,428,443,428,150,295,169,337,163,446,136,180,6,118","CHROME"
"35O6H0UNLSG0S2YG0FTQLQSJCW05J1","3PSRKXHSTQFVYNQUVA0GU3N17X7JHU","Tracing Images Experiment","A short experiment where you trace areas in 20 images (less than 10 minutes)","psychology, experiment, images","$0.25","Mon Dec 08 13:10:35 GMT 2014","90","BatchId:1759642;","3600","28800","Tue Dec 16 20:56:09 GMT 2014","","","3RXPCZQMQPBT025QHPBD97I6DE81GZ","A22GZ8WZ8676LR","Approved","Mon Dec 08 22:49:56 GMT 2014","Mon Dec 08 22:56:12 GMT 2014","Tue Dec 09 06:56:12 GMT 2014","2014/12/09 06:59:02 +0000","","","376","100% (1/1)","100% (1/1)","100% (1/1)","33","Female","United States","View Sonic|24 inches","undefined,undefined|images,1E.jpg,50,283,18,254,67,259,117,301,165,338,211,321,218,213,209,190,225,172,231,142,242,175,256,200,245,221,244,309,283,235,303,245,280,315,305,331,365,290,408,295,417,305,345,350,308,359,145,355|images,2E.jpg,12,271,49,231,115,269,177,296,216,277,255,292,271,279,314,277,320,307,370,326,380,349,449,364,444,443,286,447,201,443,204,395,150,384,81,349,7,344|images,3E.jpg,200,236,286,241,293,147,205,151|images,4E.jpg,13,303,53,248,217,230,257,278,283,326,320,378,332,423,228,431,173,334,87,323|images,5E.jpg,124,101,132,129,250,129,273,107,441,107,440,124,357,144,333,182,307,205,177,260,50,272,32,193,4,170|images,6E.jpg,144,305,270,294,358,259,419,279,426,363,360,390,301,365,215,367,154,367,120,360|images,7E.jpg,147,404,159,367,174,359,155,344,176,311,211,339,233,323,255,350,244,361,273,413,264,443|images,8E.jpg,17,292,228,297,244,211,291,188,364,222,338,245,339,283,435,283,436,326,298,329,279,372,235,375,245,337,10,332|images,9E.jpg,303,106,420,112,431,259,315,269|images,10E.jpg,238,437,233,311,265,270,279,113,370,115,382,270,415,326,411,444|images,1Eb.jpg,26,368,141,356,32,281,17,271,15,239,82,263,106,290,130,298,193,300,209,298,215,215,195,191,239,138,260,197,245,233,243,312,277,232,313,244,283,322,300,335,367,282,423,293,410,319,326,359|images,2Eb.jpg,11,262,60,228,79,245,79,256,117,268,128,295,187,294,238,285,272,289,330,314,402,357,445,355,444,109,14,107|images,3Eb.jpg,14,320,217,319,230,255,312,262,319,314,445,316,441,436,17,443|images,4Eb.jpg,17,137,121,193,183,237,260,277,278,330,348,368,410,390,439,381,438,107,9,106|images,5Eb.jpg,9,289,72,264,167,265,288,206,318,200,367,132,439,120,441,444,11,444|images,6Eb.jpg,47,277,142,306,271,294,382,265,445,268,440,112,12,110|images,7Eb.jpg,13,418,68,399,157,375,172,332,251,324,266,375,445,391,445,108,10,106|images,8Eb.jpg,14,333,245,336,250,373,286,368,282,327,442,320,445,444,14,438|images,9Eb.jpg,7,445,438,443,440,201,338,205,338,107,6,105","chrome"
"35O6H0UNLSG0S2YG0FTQLQSJCW05J1","3PSRKXHSTQFVYNQUVA0GU3N17X7JHU","Tracing Images Experiment","A short experiment where you trace areas in 20 images (less than 10 minutes)","psychology, experiment, images","$0.25","Mon Dec 08 13:10:35 GMT 2014","90","BatchId:1759642;","3600","28800","Tue Dec 16 20:56:09 GMT 2014","","","3STRJBFXOWRZB8DI9ZG2D5TUC9NTK0","A3QLLE1FRSUG8J","Approved","Mon Dec 08 14:11:42 GMT 2014","Mon Dec 08 14:20:40 GMT 2014","Mon Dec 08 22:20:40 GMT 2014","2014/12/08 22:24:02 +0000","","","538","100% (2/2)","100% (1/1)","100% (1/1)","33","Female","India","lenovo|2.5 FEET","undefined,undefined|images,1E.jpg,250.57000732421875,177.70999145507812,204.47998046875,171.6199951171875,209.70001220703125,221.19000244140625,265.3499755859375,218.57998657226562,255.77996826171875,179.44998168945312,255.77996826171875,181.19000244140625|images,2E.jpg,167.0899658203125,435.0999755859375,60.129974365234375,322.05999755859375,309.70001220703125,269.0099792480469,447.0899658203125,364.6600036621094,160.1300048828125,442.92999267578125|images,3E.jpg,211.42999267578125,143.79000854492187,203.6099853515625,225.52999877929687,275.77996826171875,241.19000244140625,288.8299560546875,148.13998413085937,210.57000732421875,150.75|images,4E.jpg,80.1300048828125,295.0999755859375,68.82998657226562,221.19000244140625,254.03997802734375,236.83999633789062,252.29998779296875,324.6600036621094|images,5E.jpg,110.57000732421875,127.26998901367187,302.739990234375,125.52999877929687,334.90997314453125,208.13998413085937,181,276.8399963378906,51.42999267578125,272.489990234375,115.77996826171875,123.78999328613281|images,6E.jpg,290.57000732421875,289.8800048828125,177.51995849609375,296.8399963378906,220.1300048828125,385.5299987792969,446.219970703125,369.8799743652344,443.6099853515625,262.92999267578125|images,7E.jpg,216.64996337890625,322.92999267578125,148.83001708984375,342.05999755859375,169.70001220703125,437.7099609375,281,422.92999267578125|images,8E.jpg,108.83001708984375,100.31999206542969,7.089996337890625,147.26998901367187,137.51995849609375,248.13998413085937,219.260009765625,121.18998718261719|images,9E.jpg,110.57000732421875,168.13998413085937,12.29998779296875,202.92999267578125,54.03997802734375,274.22998046875,154.90997314453125,263.78997802734375|images,10E.jpg,361,107.26998901367187,278.38995361328125,129.87998962402344,245.3499755859375,323.78997802734375,252.29998779296875,446.39996337890625,415.77996826171875,443.78997802734375|images,1Eb.jpg,223.6099853515625,140.32000732421875,190.57000732421875,214.22998046875,207.9599609375,203.78997802734375,245.3499755859375,225.52999877929687,264.47998046875,188.13998413085937|images,2Eb.jpg,36.649993896484375,212.489990234375,70.56997680664062,135.10000610351562,293.16998291015625,110.75,441,180.32000732421875,398.38995361328125,254.22998046875,208.8299560546875,224.66000366210937|images,3Eb.jpg,361.8699951171875,149.00997924804687,396.64996337890625,96.83999633789062,447.0899658203125,109.00999450683594,423.6099853515625,160.32000732421875,365.3499755859375,155.10000610351562|images,4Eb.jpg,336.64996337890625,128.13999938964844,178.3900146484375,123.78999328613281,187.0899658203125,213.3599853515625,333.16998291015625,213.3599853515625|images,5Eb.jpg,176.64996337890625,275.1000061035156,272.29998779296875,200.32000732421875,447.0899658203125,223.78997802734375,447.0899658203125,411.6199951171875,321.8699951171875,362.05999755859375,162.739990234375,343.78997802734375|images,6Eb.jpg,183.6099853515625,232.489990234375,18.389984130859375,238.57998657226562,22.739990234375,277.7099914550781,172.29998779296875,288.1399841308594|images,7Eb.jpg,301.8699951171875,127.26998901367187,432.29998779296875,181.19000244140625,432.29998779296875,244.66000366210937,354.03997802734375,204.66000366210937,284.47998046875,293.3599853515625,227.9599609375,202.05999755859375,306.219970703125,122.05999755859375|images,8Eb.jpg,59.259979248046875,327.2699890136719,23.6099853515625,375.0999755859375,142.739990234375,435.0999755859375,201,337.7099914550781|images,9Eb.jpg,411.42999267578125,115.09999084472656,236.64996337890625,115.09999084472656,209.70001220703125,303.78997802734375,420.1300048828125,337.7099914550781","Internet Explorer"
"35O6H0UNLSG0S2YG0FTQLQSJCW05J1","3PSRKXHSTQFVYNQUVA0GU3N17X7JHU","Tracing Images Experiment","A short experiment where you trace areas in 20 images (less than 10 minutes)","psychology, experiment, images","$0.25","Mon Dec 08 13:10:35 GMT 2014","90","BatchId:1759642;","3600","28800","Tue Dec 16 20:56:09 GMT 2014","","","3TU5ZICBRD12ORJPJ6P4IV9GXBMQ8A","AT8L5Z8TR7DMP","Approved","Tue Dec 09 04:15:15 GMT 2014","Tue Dec 09 04:21:11 GMT 2014","Tue Dec 09 12:21:11 GMT 2014","2014/12/09 12:24:02 +0000","","","356","100% (1/1)","100% (1/1)","100% (1/1)","20","male","india","samsung|50cm","undefined,undefined|images,1E.jpg,197,241,225,155,269,197|images,2E.jpg,8,270,150,276,280,303,391,350,425,326,448,440,7,448|images,3E.jpg,3,102,0,288,440,220,449,104|images,4E.jpg,40,242,116,217,224,251,258,298,287,360,313,398,269,438,65,444,27,347,27,273,35,245|images,5E.jpg,125,132,40,195,39,256,55,273,116,275,180,277,229,236,296,217,321,210,330,186,283,150,195,127|images,6E.jpg,446,283,181,316,141,323,139,353,224,356,324,350,323,352,405,360,446,345|images,7E.jpg,188,335,145,404,190,424,260,425,264,373,231,333|images,8E.jpg,289,201,216,270,230,335,277,374,317,300,343,232,296,195|images,9E.jpg,301,135,360,222,358,276,388,241,407,192,379,144,345,127|images,10E.jpg,323,126,294,127,280,277,250,331,256,448,404,446,401,311,379,283,356,127|images,1Eb.jpg,68,182,116,285,205,276,203,177|images,2Eb.jpg,11,177,113,147,197,121,248,111,253,130,313,102,448,103,445,311,381,337,328,315,316,285,289,281,249,302,236,275,210,281,189,272,135,268,59,252,63,236,36,245,7,226|images,3Eb.jpg,260,265,230,321,215,412,276,445,287,397,283,321,265,262|images,4Eb.jpg,141,102,178,205,276,265,441,281,446,111,280,105|images,5Eb.jpg,271,232,176,306,153,384,119,441,198,447,356,438,416,446,443,341,445,266,377,234|images,6Eb.jpg,16,134,8,242,33,278,115,283,337,274,445,258,448,193,433,145,147,152|images,7Eb.jpg,173,138,174,255,246,305,337,341,327,276,336,216,435,218,438,131,281,105,188,114|images,8Eb.jpg,337,335,205,372,217,433,421,427,439,288,379,205|images,9Eb.jpg","chrome"
"35O6H0UNLSG0S2YG0FTQLQSJCW05J1","3PSRKXHSTQFVYNQUVA0GU3N17X7JHU","Tracing Images Experiment","A short experiment where you trace areas in 20 images (less than 10 minutes)","psychology, experiment, images","$0.25","Mon Dec 08 13:10:35 GMT 2014","90","BatchId:1759642;","3600","28800","Tue Dec 16 20:56:09 GMT 2014","","","3TXMY6UCAEO40U920I59KH5ZNDFCQW","A1IIS53RHR01J3","Approved","Wed Dec 10 05:22:53 GMT 2014","Wed Dec 10 05:30:50 GMT 2014","Wed Dec 10 05:30:50 PST 2014","Wed Dec 10 00:32:00 PST 2014","","","477","100% (5/5)","100% (1/1)","100% (1/1)","32","Male","India","Acer|5mm","undefined,undefined|images,1E.jpg,231,227,232,155,22,255,170,350,322,357,399,304,289,249,231,157|images,2E.jpg,58,240,3,289,5,335,41,341,74,328,112,358,136,379,163,364,180,391,224,391,201,421,212,447,286,449,300,392,337,444,442,445,447,369,355,327,297,288,210,290,122,303,99,267|images,3E.jpg,0,101,3,329,217,331,235,272,288,264,328,328,442,328,447,106|images,4E.jpg,0,100,448,286,447,449,2,447|images,5E.jpg,3,101,277,102,446,104,444,228,289,215,201,248,87,236,24,205,2,180|images,6E.jpg,4,281,105,301,231,300,323,276,448,275,445,391,177,366,59,344,5,329|images,7E.jpg,54,442,133,333,228,326,344,327,324,290,331,221,337,214,406,214,418,294,387,325,387,372,421,392,444,445|images,8E.jpg,3,105,3,294,235,309,245,203,344,201,369,266,377,291,447,299,446,103|images,9E.jpg,251,99,325,237,362,277,423,195,448,189,445,148|images,10E.jpg,365,103,375,211,410,316,408,449,258,449,250,320,279,279,291,125,352,120|images,1Eb.jpg,11,251,52,251,174,340,215,328,224,217,207,189,228,171,227,143,239,154,254,194,240,220,237,307,258,310,261,264,288,239,301,239,295,270,358,297,415,296,380,323,322,351,316,373,364,374,442,378,445,396,277,394,191,388,124,391,1,393,1,379,39,374,103,376,145,351,79,312,40,280|images,2Eb.jpg,81,242,162,302,230,277|images,3Eb.jpg,4,329,221,328,231,265,309,266,325,321,444,329,443,446,3,441|images,4Eb.jpg,7,103,186,224,282,273,449,292,447,102|images,5Eb.jpg,3,174,60,273,173,274,289,216,442,235,446,442,1,443,0,170|images,6Eb.jpg,0,101,3,281,67,296,269,298,352,268,447,276,445,101|images,7Eb.jpg,3,382,164,376,192,295,190,249,8,214,446,202,441,105,5,106|images,8Eb.jpg,221,100,230,443,6,441,4,101|images,9Eb.jpg,331,101,344,241,365,289,449,305,447,450,2,445,2,103","Firefox"
"35O6H0UNLSG0S2YG0FTQLQSJCW05J1","3PSRKXHSTQFVYNQUVA0GU3N17X7JHU","Tracing Images Experiment","A short experiment where you trace areas in 20 images (less than 10 minutes)","psychology, experiment, images","$0.25","Mon Dec 08 13:10:35 GMT 2014","90","BatchId:1759642;","3600","28800","Tue Dec 16 20:56:09 GMT 2014","","","3TY7ZAOG5FKYVZGRBXSSTURPFAIK0V","A2PF3YVB5SCNAT","Rejected","Tue Dec 09 14:52:00 GMT 2014","Tue Dec 09 15:10:01 GMT 2014","Tue Dec 09 15:10:01 PST 2014","","Tue Dec 09 12:56:09 PST 2014","Incomplete","1081","0% (0/1)","0% (0/1)","0% (0/1)","47","Female","INDIA","acer CRT 17""|19 inches","undefined,undefined|images,1E.jpg|images,2E.jpg|images,3E.jpg|images,4E.jpg|images,5E.jpg|images,6E.jpg|images,7E.jpg,123,351,208,448,346,399,188,267|images,8E.jpg,243,171,394,167,387,393,163,399,248,171|images,9E.jpg,294,186,316,322,431,307,448,112,287,107|images,10E.jpg,262,129,234,442,419,438,392,105|images,1Eb.jpg,123,335,30,339,18,427,377,446,390,363,123,358|images,2Eb.jpg,126,276,0,252,11,132,422,113,446,108,432,336,184,219,176,253,191,287,117,276,118,276|images,3Eb.jpg,240,269,237,270|images,4Eb.jpg,80,109,145,205,287,285,432,307,410,111|images,5Eb.jpg|images,6Eb.jpg|images,7Eb.jpg|images,8Eb.jpg|images,9Eb.jpg","Google crome"
"35O6H0UNLSG0S2YG0FTQLQSJCW05J1","3PSRKXHSTQFVYNQUVA0GU3N17X7JHU","Tracing Images Experiment","A short experiment where you trace areas in 20 images (less than 10 minutes)","psychology, experiment, images","$0.25","Mon Dec 08 13:10:35 GMT 2014","90","BatchId:1759642;","3600","28800","Tue Dec 16 20:56:09 GMT 2014","","","3VNL7UK1XFJOVML48OP5XS1P4DOFT2","AD2VF395MWY5U","Approved","Mon Dec 08 15:26:45 GMT 2014","Mon Dec 08 15:33:29 GMT 2014","Mon Dec 08 23:33:29 GMT 2014","2014/12/08 23:34:02 +0000","","","404","100% (1/1)","100% (1/1)","100% (1/1)","24","male","india","lgE1642c|20cm","undefined,undefined|images,1E.jpg,395,296,392,287,407,234,402,255|images,2E.jpg,240,285|images,3E.jpg,341,356,415,353,416,393,41,399,43,348|images,4E.jpg,198,191,120,173,221,251,290,252|images,5E.jpg,186,149,94,207,176,242,238,199|images,6E.jpg,273,192,278,252,295,247,291,188|images,7E.jpg,277,111,254,132,282,177,303,161|images,8E.jpg,352,214,253,198,227,270,355,263|images,9E.jpg,63,392,13,106,436,114,412,391|images,10E.jpg,158,129,121,431,209,419,257,127|images,1Eb.jpg,211,59,205,80,157,378,351,371,385,205,261,100|images,2Eb.jpg,215,235|images,3Eb.jpg,359,325,338,423,436,422,443,329,365,326|images,4Eb.jpg,135,183,214,266,267,256,239,223,210,203,171,183,139,175|images,5Eb.jpg,425,414,76,411,135,437,334,432,407,424|images,6Eb.jpg|images,7Eb.jpg,270,129,168,193,305,306,415,204,326,132|images,8Eb.jpg,204,363,36,280,15,386,82,431|images,9Eb.jpg,29,126,39,348,227,308,173,143,22,126","mozilla"
"35O6H0UNLSG0S2YG0FTQLQSJCW05J1","3PSRKXHSTQFVYNQUVA0GU3N17X7JHU","Tracing Images Experiment","A short experiment where you trace areas in 20 images (less than 10 minutes)","psychology, experiment, images","$0.25","Mon Dec 08 13:10:35 GMT 2014","90","BatchId:1759642;","3600","28800","Tue Dec 16 20:56:09 GMT 2014","","","3WOKGM4L71GHLQ169PKL0B8YZ4U0OB","A2YG7I769IKAVF","Approved","Mon Dec 08 16:18:29 GMT 2014","Mon Dec 08 16:26:14 GMT 2014","Tue Dec 09 00:26:14 GMT 2014","2014/12/09 00:29:02 +0000","","","465","100% (1/1)","100% (1/1)","100% (1/1)","24","Male","india","lg|10 inch","undefined,undefined|images,1E.jpg,106,291,411,94,8,302,295,419|images,2E.jpg,419,447,385,447,340,443,303,442,284,438,258,450,218,445,223,422,245,395,230,374,205,386,168,380,150,371,117,361,99,347,57,347,40,344,16,337,1,275,33,256,46,232,1,211,43,161,90,150,121,135,174,123,210,125,244,116,306,107,350,110,411,110,437,124,442,170,448,243,437,355,439,375,448,443|images,3E.jpg,234,444,209,434,224,419,235,412,232,390,219,393,209,385,228,347,230,336,229,330,228,312,236,285,244,266,278,272,284,281,287,297,288,298,310,295,301,308,292,316,297,327,277,331,279,346,286,364,290,379,289,387,282,403,280,415,295,426,282,438,273,447,253,448,234,449|images,4E.jpg,446,411,446,440,440,448,235,449,198,446,122,433,83,436,35,450,5,133,31,124,98,157,126,167,142,193,158,224,185,224,270,261,346,281,371,294,421,324,426,375,449,404|images,5E.jpg,271,138,336,196,312,220,236,239,183,274,150,284,69,285,36,247,38,181,83,149,144,128,261,137|images,6E.jpg,408,359,344,366,316,361,303,354,253,356,224,356,197,355,170,356,138,356,115,353,88,348,70,340,62,336,56,332,23,312,16,307,10,288,39,285,50,295,51,296,115,308,132,312,148,314,178,313,193,307,215,306,246,306,271,310,279,310,324,281,387,279,415,284,426,293,447,350,431,353|images,7E.jpg,96,371,38,389,5,376,5,228,13,225,41,235,85,240,107,247,135,253,149,260,154,281,174,300,177,306,179,315,181,330,190,355,184,367,179,378,177,408,217,431,241,431,252,421,256,415,240,381,232,350,215,340,195,351,365,399,396,400,409,398,393,386,377,379,372,359,366,325,395,314,403,295,406,252,404,227,360,222,341,222,336,227,336,272,333,286,339,307,360,323,350,355,336,361,229,352,132,337,93,357|images,8E.jpg,254,342,243,314,239,279,248,254,257,233,274,217,300,210,316,211,377,208,350,227,322,234,318,252,326,256,327,269,304,286,285,310,274,340,266,360,259,364,254,366|images,9E.jpg,45,181,77,135,82,120,147,105,212,109,285,118,320,128,353,131,408,143,441,150,417,177,401,213,371,276,353,320,350,353,336,377,312,385,256,372,242,330,253,305,259,282,259,271,200,268,173,270,144,288,121,323,136,347,166,391,164,401,148,408,110,385,76,350,81,308,102,292,115,276,63,263,25,231,33,201,43,186|images,10E.jpg,357,151,370,238,376,275,397,317,398,337,395,410,398,446,259,450,258,348,259,314,282,273,292,183,295,154,289,143,292,134,306,120,358,122,356,146|images,1Eb.jpg,356,331,306,351,304,367,320,384,292,395,229,386,172,389,110,392,44,396,72,368,148,365,106,336,58,296,25,271,39,248,134,305,154,320,131,271,99,235,99,191,146,231,159,271,181,282,177,208,207,195,203,228,207,312,220,241,218,173,225,156,244,176,253,200,242,224,237,293,266,279,272,260,281,227,301,187,315,174,345,240,324,284,300,325,338,287,369,263,393,247,390,282,379,299,414,294,376,316|images,2Eb.jpg,295,445,269,444,214,433,198,404,128,378,76,357,22,345,21,277,22,261,42,178,75,172,129,145,171,128,234,121,282,119,366,112,423,121,445,297,290,449|images,3Eb.jpg,226,362,210,385,237,338,232,328,220,315,225,302,236,282,247,269,287,272,301,291,302,295,288,320,284,325,280,335,284,367,289,389,291,412,296,434,289,442,259,446,229,449,212,444,207,429,226,421,232,415,216,402,209,394,206,383|images,4Eb.jpg,441,432,250,447,128,442,93,439,37,444,3,302,16,135,64,146,90,169,115,187,181,200,201,222,237,259,290,279,342,299,389,311,445,336,448,384|images,5Eb.jpg,319,202,258,230,173,276,88,277,42,264,49,175,107,142,171,133,239,141,301,164,326,187,338,202|images,6Eb.jpg,437,345,403,366,338,370,303,356,249,358,225,355,209,351,189,356,165,356,144,350,132,353,98,354,78,347,61,340,54,336,14,303,13,281,40,292,71,299,101,302,147,308,169,315,186,320,214,305,250,303,305,288,387,280,437,285,441,329|images,7Eb.jpg,84,385,41,390,6,371,16,227,76,235,123,241,149,247,161,262,167,289,185,309,170,323,121,342,109,370,96,385,75,392,192,431,165,394,166,382,179,353,187,336,202,342,226,338,244,370,268,418,254,429,219,431,201,433,355,387,364,356,363,312,327,271,342,220,412,220,406,236,410,290,397,307,381,335,378,365,386,377,412,395,406,405,444,445,403,446,384,419,381,408,358,413,323,421,289,423,238,388|images,8Eb.jpg,257,337,249,313,243,278,252,244,278,209,300,207,323,212,359,226,333,230,319,227,311,245,333,267,329,281,317,283,296,298,274,325,276,355,273,365,256,361|images,9Eb.jpg,108,267,43,251,29,224,52,185,88,140,108,119,153,101,243,109,335,117,393,141,416,156,445,181,409,182,394,281,367,328,355,344,333,363,326,367,310,295,313,232,264,256,232,317,255,367,283,376,197,268,146,294,134,323,162,380,134,400,105,379,78,347,89,314,100,287","chrome"
"35O6H0UNLSG0S2YG0FTQLQSJCW05J1","3PSRKXHSTQFVYNQUVA0GU3N17X7JHU","Tracing Images Experiment","A short experiment where you trace areas in 20 images (less than 10 minutes)","psychology, experiment, images","$0.25","Mon Dec 08 13:10:35 GMT 2014","90","BatchId:1759642;","3600","28800","Tue Dec 16 20:56:09 GMT 2014","","","3WR9XG3T63BRZ8R8B4QL1SCGQRT741","A3B2O3SOMXJ2OF","Approved","Mon Dec 08 15:54:15 GMT 2014","Mon Dec 08 16:15:10 GMT 2014","Tue Dec 09 00:15:10 GMT 2014","2014/12/09 00:19:02 +0000","","","1255","100% (7/7)","100% (3/3)","100% (1/1)","50","female","INDIA","19""dell |11","undefined,undefined|images,1E.jpg,226,154,233,151,238,166,251,188,250,205,234,215,230,266,234,326,237,343,222,345,212,305,220,291,225,226,225,214,211,192,226,172|images,2E.jpg,108,293,154,297,186,304,189,315,198,293,210,278,234,278,246,294,234,318,235,326,253,326,248,309,265,294,280,284,312,291,333,317,370,335,373,347,428,362,446,366,448,437,448,442,307,446,216,447,204,418,210,410,167,396,90,359,31,344,3,338,3,280,10,262,34,246,50,243,68,235,67,253,79,258,104,262,103,279|images,3E.jpg,234,271,228,296,226,326,230,341,209,383,210,392,233,400,233,419,233,430,260,437,283,425,291,396,284,352,277,337,279,329,298,330,302,318,314,297,294,298,278,266,246,267|images,4E.jpg|images,5E.jpg,92,140,198,122,311,158,330,183,315,208,187,267,173,282,88,278,42,284,35,280,34,214,57,163|images,6E.jpg,42,285,114,307,177,318,254,306,368,269,440,277,446,277,445,342,446,427,446,446,227,447,0,449,1,275,3,239,24,234,36,277|images,7E.jpg,164,414,193,428,245,428,260,425,270,420,266,400,255,370,250,346,250,345,241,332,226,331,211,346,173,327,175,359,162,382,158,403|images,8E.jpg,354,224,325,214,286,204,262,216,246,247,234,286,253,328,255,358,266,362,282,353,273,328,320,280,329,282,330,256,315,245,322,230|images,9E.jpg|images,10E.jpg,283,125,326,114,354,119,357,121,356,148,369,217,379,281,403,318,401,436,401,447,246,448,246,341,266,297,278,275,284,196,289,151,289,137|images,1Eb.jpg,202,324,183,286,174,258,160,238,158,223,165,206,186,202,206,202,218,209,211,234,209,243,210,270,202,290,210,318|images,2Eb.jpg,9,174,60,150,106,133,151,123,228,101,250,132,320,102,437,110,443,112,445,316,418,300,392,337,374,344,336,314,317,286,283,285,253,298,202,281,183,267,165,281,148,294,123,276,89,269,62,250,68,222,45,249,30,258,15,231,0,224,1,180|images,3Eb.jpg,186,230,172,214,150,202,146,186,117,205,102,189,91,182,73,189,50,190,27,190,5,201,6,218,18,223,43,224,68,224,87,224,100,222,123,223,182,226|images,4Eb.jpg,194,203,186,175,190,157,218,146,241,143,249,131,257,132,267,143,292,150,309,164,313,183,314,208,302,218,266,222,226,217,201,211|images,5Eb.jpg,15,441,30,410,92,426,164,363,168,273,297,204,327,211,385,130,441,124,450,430,429,414,402,444,384,447,45,449,10,441,10,440|images,6Eb.jpg,275,282,270,248,270,218,270,182,291,185,298,241,306,266,298,278,282,284,279,285|images,7Eb.jpg,330,350,263,315,254,295,227,266,235,219,276,202,301,196,312,209,330,211,334,223,327,263,327,322,366,346,365,362|images,8Eb.jpg,6,315,57,324,134,337,185,386,205,350,256,361,280,395,326,410,352,434,27,447,2,448|images,9Eb.jpg,242,270,234,290,216,314,216,324,234,344,275,384,316,394,361,400,348,372,324,345,320,316,322,274,333,252,334,301,328,336,343,361,362,366,400,362,400,302,405,250,418,232,393,234,356,238,337,239,298,250,262,262","windows 7"
"35O6H0UNLSG0S2YG0FTQLQSJCW05J1","3PSRKXHSTQFVYNQUVA0GU3N17X7JHU","Tracing Images Experiment","A short experiment where you trace areas in 20 images (less than 10 minutes)","psychology, experiment, images","$0.25","Mon Dec 08 13:10:35 GMT 2014","90","BatchId:1759642;","3600","28800","Tue Dec 16 20:56:09 GMT 2014","","","3X4MXAO0BGODQTU7UOUA11M7BVFRWX","A1C7ELA8GFN9LA","Approved","Mon Dec 08 15:21:08 GMT 2014","Mon Dec 08 15:30:59 GMT 2014","Mon Dec 08 23:30:59 GMT 2014","2014/12/08 23:34:02 +0000","","","591","100% (1/1)","100% (1/1)","100% (1/1)","38","FEMALE","INDIA","MY MONITOR IS DELL AND LCD.|1 MERTER","undefined,undefined|images,1E.jpg,21,251,176,361,311,364,384,250,311,364,239,362,232,169,236,358,173,362|images,2E.jpg,238,119,26,330,174,389,378,172,174,390,320,445,435,270,320,446,27,331|images,3E.jpg,4,336,7,438,439,439,439,294,440,440,256,439,249,278,258,438,3,439,13,341|images,4E.jpg,144,106,18,108,9,284,210,280,7,282,10,424,355,417,11,422,18,108|images,5E.jpg,28,122,35,416,233,414,221,141,232,414,418,413,416,125,418,414,36,417|images,6E.jpg,427,244,21,242,22,300,432,318,22,302,23,273,417,272,23,275,18,240,429,249|images,7E.jpg,27,142,39,371,216,377,371,369,364,145,371,366,219,377,204,147,215,376,40,370|images,8E.jpg,421,189,58,245,79,327,394,306,395,305,80,327,97,428,414,417,104,427,57,242|images,9E.jpg,59,129,395,137,385,350,397,134,231,134,282,353,230,133,79,211|images,10E.jpg,80,145,324,131,352,390,40,385,352,392,338,248,85,261,338,251,327,130|images,1Eb.jpg,104,200,170,336,299,330,322,182,300,330,210,334,202,281,190,222,212,332,171,335|images,2Eb.jpg,19,138,46,260,406,291,415,126,403,293,189,267,196,148,189,270,48,258|images,3Eb.jpg,54,148,78,234,315,222,327,145,315,221,186,226,177,198,161,140,188,227,81,234|images,4Eb.jpg,139,112,152,186,445,272,436,123,445,270,288,224,280,113,288,223,154,190|images,5Eb.jpg,37,116,49,287,326,257,327,101,328,258,184,272,157,115,185,270,50,286|images,6Eb.jpg,15,133|images,7Eb.jpg,25,117,171,281,311,263,416,110,309,265,246,264,210,145,246,266,167,280|images,8Eb.jpg,428,318,303,330,328,428,433,404,327,415,315,377,427,360,319,377,305,331|images,9Eb.jpg,15,107,203,112,204,107,197,236,43,239,200,232,197,162,30,173,197,164,202,112","MOXILLA FIREFOX"
"35O6H0UNLSG0S2YG0FTQLQSJCW05J1","3PSRKXHSTQFVYNQUVA0GU3N17X7JHU","Tracing Images Experiment","A short experiment where you trace areas in 20 images (less than 10 minutes)","psychology, experiment, images","$0.25","Mon Dec 08 13:10:35 GMT 2014","90","BatchId:1759642;","3600","28800","Tue Dec 16 20:56:09 GMT 2014","","","3YGXWBAF70HXBPM42LYWHE4UR2F4CM","A33PGY1SPVLAXM","Approved","Mon Dec 08 17:23:40 GMT 2014","Mon Dec 08 17:33:56 GMT 2014","Tue Dec 09 01:33:56 GMT 2014","2014/12/09 01:34:02 +0000","","","616","100% (1/1)","100% (1/1)","100% (1/1)","33","MALE","INDIA","SAMSUNG P2350|1FT","undefined,undefined|images,1E.jpg,135,351,91,317,47,291,18,267,15,247,46,249,82,270,115,298,158,335,180,346,218,335,211,241,215,216,202,176,222,167,232,146,247,158,268,206,249,234,246,283,242,325,240,343,259,302,255,270,284,239,298,239,289,267,297,285,291,297,282,309,263,328,252,354,209,365,156,360|images,2E.jpg,229,449,187,432,201,406,203,390,156,384,134,383,94,368,82,354,43,348,11,342,0,333,3,299,2,275,20,258,40,251,65,236,83,244,116,271,144,292,195,299,224,282,261,296,286,283,309,282,329,307,368,328,409,356,445,366,448,391,449,438,443,447,389,446,326,446|images,3E.jpg,202,164,200,201,202,233,226,244,292,242,320,234,343,211,348,176,334,161,302,160,265,156,222,152|images,4E.jpg,7,158,34,129,95,150,131,179,151,196,156,227,205,238,237,257,264,279,247,296,246,309,284,319,298,337,309,360,336,376,341,379,363,387,407,398,416,413,405,446,325,445,212,447,112,435,22,428,10,358,4,255|images,5E.jpg,188,213,124,208,50,194,19,190,4,174,1,108,38,103,90,102,170,109,284,109,296,116,342,165,326,187,268,209,225,224,193,213|images,6E.jpg,121,322,159,312,218,302,253,302,275,299,329,275,381,268,429,272,446,279,447,339,429,357,383,376,338,375,283,365,213,366,166,367,130,366,101,354,110,336|images,7E.jpg,194,428,159,419,152,386,164,362,170,337,182,330,194,331,212,335,243,326,247,361,260,382,270,419,231,427,200,430|images,8E.jpg,255,375,252,353,241,330,230,282,236,239,256,217,277,201,292,200,320,208,342,210,360,223,366,234,337,238,329,248,340,262,326,292,306,307,286,332,280,343,280,361|images,9E.jpg,354,269,347,225,363,206,373,190,389,161,398,153,412,191,409,211,384,247|images,10E.jpg,258,447,249,334,253,312,274,283,288,141,288,124,329,119,360,121,362,134,362,154,377,276,406,317,408,446|images,1Eb.jpg,173,339,122,260,93,242,94,211,93,186,116,205,152,236,137,249,163,302,188,309,177,254,157,222,182,202,208,199,217,227,208,239,201,276,219,331,232,357,243,322,263,301,262,277,274,255,291,248,292,212,310,173,326,163,331,243,331,278,352,174,361,246,383,246,393,267,398,296,415,322,378,352,329,377,288,383,252,375,263,332,281,310,291,280,304,253,285,295,257,338,220,372,188,355|images,2Eb.jpg,427,356,370,335,323,304,227,278,155,286,95,289,93,260,83,250,53,246,29,246,0,210,29,167,87,139,159,119,207,102,236,107,297,110,437,106,443,116,447,358|images,3Eb.jpg,203,164,246,156,296,153,344,166,338,227,303,235,286,245,215,234,159,229,93,227,27,237,16,239,3,435,443,443,446,106,10,106,7,219,201,210|images,4Eb.jpg,5,103,445,104,447,324,244,262,156,226,130,175,44,140,9,135|images,5Eb.jpg,5,165,2,447,444,446,444,108,325,105,314,201,171,247,52,224|images,6Eb.jpg,10,312,81,356,157,363,216,368,306,366,379,379,443,362,436,442,1,449,5,105,446,112,445,274,356,272,235,295,121,301,54,291|images,7Eb.jpg,174,426,149,389,179,341,209,331,270,343,259,425,280,448,446,447,442,104,6,105,4,438,170,448|images,8Eb.jpg,253,364,237,321,231,257,270,207,311,203,368,231,335,244,329,301,287,360,274,380,278,442,447,445,444,106,3,105,4,446,271,445|images,9Eb.jpg,118,100,137,139,234,177,293,207,446,254,446,440,1,444,6,106","GOOGLE CHROME"